-3.974428,-14.47547,5.187356,-0.3607108,12.42181,25.80779,18.84364,13.01947,16.21137,15.18098,-5.43172,10.7907,-15.8602,-11.90744,-4.504361,-0.4490414,-2.697077,-2.288181,2.120288,4.116978,2.8492,-0.2458411,-0.1363132,-0.1732881,-1.782761,0.970143,0.6997231,1.549578,1.389981,2.207976 
-3.611387,-13.18388,-0.9139622,-1.963081,3.374361,9.389051,12.99588,13.55068,5.892478,8.427073,14.44878,3.212,-0.5067675,4.692879,7.22105,5.229773,-3.170121,5.317675,6.058746,-2.30415,-0.6595465,-0.2805437,0.2031796,-0.01654945,0.3377619,1.103625,2.163449,-0.1670169,-0.4792224,-3.527233 
-2.372772,-11.49014,-1.150378,-2.993177,3.161829,9.188463,10.10385,19.394,5.6512,11.4459,3.88483,6.837245,4.007804,7.631061,5.851826,5.905822,2.427571,2.489005,11.22268,8.867188,4.426441,0.4482121,0.02449913,-0.3396312,-0.6045735,0.1941702,0.8873669,1.230782,-0.7907563,0.1185253 
-3.555535,-13.18388,1.036471,0.8982947,9.325234,13.60142,10.7127,12.56774,8.568794,11.63458,-3.265081,6.982255,6.880714,7.898169,4.140804,9.350592,-3.09128,0.7114473,7.444191,3.005227,3.525161,2.163979,-0.07824212,0.4966917,0.7385105,-0.09296301,0.3056712,-0.2160625,-2.455482,-1.010877 
-1.965182,-14.26021,3.046007,-2.993177,6.243532,18.12882,14.94513,8.65913,0.2224476,11.4459,-7.241092,2.92198,6.572902,9.649772,-1.802747,12.38357,12.20522,8.970952,3.873853,1.531004,2.924307,2.526763,0.2523167,-0.3540958,-1.979125,0.4290974,0.09926307,1.476009,1.446624,6.830513 
-0.8782765,-14.47547,2.691383,-0.932986,17.33977,29.92153,24.04165,22.84687,12.52185,23.3619,1.284862,4.227068,-2.66145,4.826432,5.491611,9.754989,7.585094,7.448753,3.364754,1.450264,2.698987,0.6911308,0.760923,0.03079422,-0.4687864,-1.842578,1.721885,-0.265108,-0.9606839,2.40468 
-1.625524,-13.82967,0.4454304,0.55493,16.92994,26.08204,16.89439,12.19549,13.83954,18.89958,-0.5567812,9.157404,-2.866657,1.220481,2.880051,3.877674,-0.5683768,7.600973,4.673301,3.611636,3.75048,0.6217254,-0.3787771,0.5206777,0.09229068,-0.1321175,0.5496081,3.037042,1.36166,0.5317214 
-2.848293,-12.21603,-1.800523,-6.655738,12.01198,16.48332,15.91976,20.19082,3.841616,2.57809,5.076481,15.70588,12.30541,8.565937,2.789997,2.390366,0.4565527,-1.677145,5.303049,-0.5682383,0.691717,0.1532395,-0.3300353,-0.1037615,0.1624253,-1.696718,-2.088495,0.2743931,3.234635,2.207976 
-1.625524,-12.94191,0.8000542,0.8982947,12.01198,14.40377,8.429525,15.14431,-3.999915,15.9247,5.293146,13.24829,12.0361,17.76305,10.7945,8.3396,10.66518,2.433456,7.192292,3.510568,0.7744473,0.8993467,0.3410941,0.005876502,-0.232082,-1.842578,-0.3886107,2.159839,2.579327,2.503032 
-2.916224,-15.76707,-6.110161,-5.969007,15.0857,23.33955,18.51877,16.47234,18.31967,15.18098,4.751485,16.75913,1.237499,0.1520508,11.39007,15.82094,10.28017,11.86313,2.968788,1.167674,3.525161,0.6390767,-0.6468571,-0.05890958,0.1010575,1.103625,4.371271,-2.401145,0.3137731,-3.01198 
-2.440703,-14.04494,-4.046476,-3.908817,9.962828,17.58032,6.602984,10.52037,6.616312,6.917658,7.701213,7.707305,12.57472,-0.3821642,7.419575,10.36158,2.26989,2.155713,3.477887,-3.978221,-0.6319697,1.159617,-0.3544062,-0.1660558,-0.9973025,-1.356376,0.5308437,-0.6819953,-0.6208287,0.6969998 
-2.168977,-11.97407,-2.096043,5.018676,5.81847,17.58032,10.40828,9.217503,8.568794,1.257351,11.075,11.49287,-0.3015597,0.4191588,6.842418,11.37258,15.86282,6.230994,4.547351,5.228729,3.074521,1.257019,0.5378889,-0.289005,-1.368213,-1.891198,-2.195764,-0.7800865,-0.7341138,0.5592678 
-3.611387,-17.91973,-3.396331,-7.571378,4.330751,16.75757,5.994138,3.819896,9.622943,21.87446,-8.444261,14.65263,9.073695,-1.183487,-4.234199,21.0781,12.39773,4.861015,5.680897,1.329154,2.774094,1.302367,0.4722906,-0.5349035,-0.9100294,-0.4061992,0.2869068,-0.7555637,0.5120219,1.110196 
-5.314886,-15.76707,-2.864395,-14.82023,3.799423,11.39494,9.951642,12.75387,-1.345858,14.80912,-0.6651129,8.577364,3.392181,6.295523,-1.17237,9.957187,5.660041,3.155589,6.688493,-3.978221,-1.431697,1.211671,0.02003212,0.07066258,-0.1181132,-1.259135,-1.045364,2.086739,1.36166,-2.410852 
-2.984155,-14.04494,-3.632748,-4.137727,10.16774,18.95156,15.91976,26.03414,24.9081,21.5026,0.5265384,11.14178,5.752071,8.699492,8.809249,19.46051,7.585094,-2.065986,3.081921,2.176925,2.248347,-1.672965,0.01556511,0.1768771,-1.499123,0.3507883,2.384232,2.013638,5.74665,-0.4874956 
-2.780361,-14.90601,-4.442609,-2.306446,15.49553,17.85457,18.19389,18.86279,9.359406,15.9247,7.701213,7.562295,8.535075,2.422464,9.404823,15.01215,2.112208,6.687654,8.325838,2.499885,3.074521,-0.0376251,-0.1095112,0.3287891,0.6190436,-0.001602445,1.225126,1.794337,3.016199,4.175014 
-2.168977,-17.70446,-3.632748,-1.390806,5.605938,16.20907,20.7929,29.48701,20.16443,20.38702,5.184814,-2.298376,3.494785,11.106,13.37532,6.581871,-3.170121,-5.621037,2.063722,4.116978,5.252614,0.2573476,-0.04250603,0.1180063,-0.03044493,-0.6150234,-1.605788,-2.401145,4.108379,1.578485 
-2.644498,-11.73211,0.209014,-1.734171,3.374361,2.970208,13.64563,21.78445,7.219506,12.20061,-0.3401169,7.272275,-4.50832,-0.1150567,6.392148,-0.3138314,0.5353934,-4.460715,2.685955,5.430865,2.924307,1.801195,0.1897785,0.01335182,0.6986882,0.4813034,0.4745506,0.176302,4.763688,6.437106 
-4.421247,-10.5223,-1.623211,-10.20732,8.581375,19.77431,21.76752,14.08189,4.203533,20.38702,-3.156749,-5.778613,-3.174469,2.155357,9.007773,10.36158,6.430062,0.2115093,-0.5949079,2.298035,1.629328,1.393063,-0.1318462,-0.1511052,0.127358,0.4029944,2.053058,2.744641,4.217597,2.994791 
-3.862723,-15.76707,-0.9139622,-8.230366,0.7177204,12.99965,4.928656,4.006021,5.530561,6.917658,13.77402,31.85576,12.30541,-1.851256,-5.480626,2.795996,-2.381714,-5.911118,2.912221,1.006194,1.022639,-0.002922439,-0.537188,-0.1261874,-0.1093464,-1.745338,0.1743206,2.379139,-2.086819,-1.258795 
-2.916224,-14.47547,-0.6184422,-3.222087,11.19232,18.67731,12.53924,10.52037,10.41355,13.69354,6.051469,18.86564,5.957279,9.857804,13.1768,12.18137,1.639164,-0.8439154,5.051149,1.652114,-0.163164,0.6911308,-0.1943844,-0.6289235,-0.5739884,1.837776,-1.337617,-0.8781776,-4.66746,-0.01920672 
-1.557592,-10.03837,0.1499101,-3.107632,5.81847,21.14556,24.04165,17.53476,14.10308,14.0654,2.693179,6.547226,10.42024,8.565937,8.809249,8.541798,6.622568,0.8780933,0.3101577,0.521753,0.1401808,0.3961582,0.3148548,-0.03150008,-0.03921176,-0.4584053,3.377751,3.841145,-1.994653,1.027557 
-2.71243,-11.24818,1.036471,-7.900871,4.11822,16.20907,11.01713,12.56774,7.340145,2.200736,-6.840036,1.181861,-5.431756,2.288911,12.58122,15.82094,3.925545,5.013235,6.436594,-0.1241678,1.050215,-1.0093,0.1138393,-0.1660558,0.9774442,-0.2104266,-1.283983,-3.166063,1.8148,-0.652774 
-3.052088,-11.00622,-0.5593382,-7.900871,1.249049,8.185518,7.668467,11.07875,2.032032,12.57796,11.075,15.00371,12.57472,9.857804,4.410965,9.148394,11.2427,9.884272,4.043553,1.248414,1.35356,2.209327,0.5903675,-0.3179342,1.017267,-1.113275,-3.643886,-2.401145,0.3987369,1.082649 
-4.588804,-10.03837,-2.982604,-7.571378,-5.534872,7.383163,2.797691,7.170135,5.771839,6.917658,-8.845317,4.807107,-3.071865,10.27387,1.799405,-0.7194605,-3.958528,-5.330958,4.673301,-0.4471281,1.215676,-0.2458411,0.459171,-0.09130261,-0.9318477,0.4029944,0.04296994,0.8629399,1.106768,-1.45162 
-3.527609,-9.312489,-1.03217,-3.908817,5.924736,9.79023,2.188845,-1.94996,-7.136528,2.57809,7.701213,12.54612,10.42024,14.22649,10.19892,3.066415,-1.514466,-1.399402,-0.7646078,-1.133419,3.75048,1.176968,0.3542137,-0.1386463,0.2237931,-0.04075697,-1.082893,1.794337,2.033236,-1.895599 
-2.168977,-10.03837,-0.8548583,3.072941,12.62672,4.976096,13.32075,6.239513,5.289283,6.351628,3.88483,17.4613,7.188526,4.559324,3.870642,7.122711,1.087278,0.2115093,2.855654,-0.4471281,2.774094,-0.0376251,0.3542137,-0.163564,1.534956,-1.696718,-3.590252,-1.636227,0.1721667,2.896439 
-3.391745,-7.618757,-2.746187,-0.01734517,4.11822,5.176685,4.928656,1.02803,-1.345858,13.69354,5.943138,12.8972,2.57135,4.559324,3.420373,3.201625,-0.2530139,-1.677145,1.045523,1.692484,2.173241,1.891891,-0.2077854,0.1304651,0.04845653,-0.9674142,1.445908,-2.073323,-3.37714,-0.6252276 
-4.61673,-9.554451,-2.332459,-6.083463,7.199922,14.60436,9.495008,1.214154,-4.482471,9.18178,13.09926,7.417285,13.38265,-0.9163792,-0.5419937,-1.66593,0.9295971,2.044615,-0.08580864,-3.776568,-1.431697,0.5176175,0.02449913,-0.08881084,-0.6700283,0.7031791,0.09926307,-1.745501,2.142454,4.175014 
-3.459677,-9.796413,-3.278123,-5.740098,7.093657,12.79906,2.188845,3.819896,-1.707775,8.427073,-5.865048,0.3118016,2.673954,5.360647,8.412199,14.00116,6.045052,3.377783,5.177099,-4.079047,2.8492,0.1185369,-0.1050442,0.03328599,-0.9754843,-1.161895,-0.1446738,-2.182597,-0.1110459,-1.368981 
-2.984155,-9.796413,2.691383,-2.878721,14.67587,16.20907,4.47202,-2.136085,4.203533,17.41214,5.50981,12.8972,9.073695,10.06584,13.97089,12.78797,3.215978,-3.590474,0.1404577,-3.171612,0.6641401,-0.7143269,0.02449913,-0.1511052,-0.3986518,-0.3800962,-1.820325,0.6422349,1.446624,1.814569 
-1.42173,-12.94191,3.400631,3.645216,9.750297,20.59706,22.74215,5.867264,14.36661,18.15586,-8.043204,7.997325,8.804385,13.81043,15.55909,6.987501,-1.514466,4.861015,10.21508,5.430865,3.149627,2.254675,0.1853115,-0.2383789,0.8181551,0.3768913,-2.088495,4.060445,1.276696,-1.616898 
-2.236909,-4.95718,-7.777713,-11.1958,-11.22198,-3.649224,13.9705,-11.56227,3.720977,18.89958,1.718191,14.65263,10.68955,11.52207,15.16204,20.6737,6.045052,2.322359,5.806847,7.149026,0.5814098,1.211671,-0.1809833,-0.2673081,0.2237931,1.504071,-0.2384957,0.1517792,0.5403432,4.666773 
-1.489661,-9.554451,-1.564107,-8.889353,-11.22198,-16.5771,30.86405,-33.71214,10.41355,22.99004,1.393195,13.24829,21.46195,10.27387,15.16204,16.62974,4.950475,0.04486327,4.043553,3.510568,-3.757325,2.436068,0.5378889,-0.4191866,-0.6263918,1.303848,0.8873669,-1.964049,-1.073969,-0.7078668 
-1.150003,-12.94191,12.33425,-6.541283,7.73125,-9.466301,33.46305,-15.00781,18.05613,10.12517,12.42451,17.11022,14.99851,4.959986,6.392148,8.20439,-0.6472176,8.970952,3.364754,3.308432,0.691717,1.194319,0.1138393,-0.194985,-0.6700283,-3.058084,-0.801427,0.004642541,-2.455482,-0.9557845 
-2.508634,-13.61441,5.78293,0.3260196,-10.27413,-6.658057,24.04165,-13.53115,11.20417,15.18098,15.79829,17.11022,12.57472,1.754696,3.150212,14.80995,4.871634,3.10004,2.459688,-3.877394,-3.390121,0.6217254,0.4460513,-0.1012697,1.893357,2.17148,2.384232,1.255304,-3.837969,2.207976 
-2.916224,-11.73211,4.591781,-12.51378,1.674111,-5.253935,1.123362,-8.092065,8.832332,14.0654,21.19634,27.99383,15.80644,10.27387,7.022525,6.852291,7.585094,5.013235,0.1970245,1.208044,0.1401808,-0.7316782,-0.1184452,0.3367844,-0.05674542,0.2202732,3.046578,1.721237,-1.300539,-0.2120316 
-2.236909,-13.61441,-0.6184422,-3.565452,6.668595,16.20907,9.951642,14.08189,5.409922,16.66842,9.050727,9.737444,1.340103,10.4819,18.13992,7.933969,6.430062,-2.065986,4.9252,-0.1241678,1.849943,1.710499,0.3542137,-0.04395894,-0.2583825,-1.064655,-0.6137832,-0.1179714,3.562289,0.09097891 
-3.751018,-8.344643,3.282423,-6.197918,-0.557467,-0.6403912,7.820679,15.67553,14.36661,28.56794,0.8515344,2.051921,4.623428,5.360647,9.007773,5.094563,-1.514466,-0.3439774,1.724322,-3.272437,-1.431697,0.04913161,0.6953247,0.01335182,0.6986882,-0.6933325,1.150068,0.3234387,0.4270581,-1.809723 
-3.120019,-6.166988,2.514071,-7.228013,0.7177204,3.371386,13.9705,12.00937,5.6512,18.15586,10.40024,3.06699,7.457836,6.429077,12.77975,-2.612399,-2.302873,1.989067,-4.229574,-0.6489785,-2.166106,-2.060104,-0.1541813,0.2328447,-0.7573014,-1.648097,0.7747806,0.2498704,1.8148,-1.396527 
-3.974428,-6.650911,6.378505,2.500666,14.26604,18.95156,9.799432,5.308891,-13.05103,0.8799976,-10.04849,-17.61703,-9.735968,-1.984809,-1.532586,-4.234917,-1.829829,-0.0106854,1.10209,4.723387,0.388372,0.2573476,1.141393,-0.2817727,-0.9754843,0.3246853,2.163449,1.034599,2.579327,1.578485 
-2.644498,-5.925026,9.951954,9.042198,17.95451,22.79105,4.776444,-9.58106,-13.05103,-7.610463,-20.877,-14.31958,-21.40118,-10.43607,-2.883392,0.09179777,-3.879688,-4.170636,-2.518172,-2.667481,0.4986793,0.1705908,0.2746517,-0.2817727,-0.3635845,-2.814983,1.721885,1.476009,1.446624,-1.644445 
-1.353798,1.817747,13.5254,11.79086,17.95451,15.40672,-2.986354,-9.208811,-7.136528,-16.323,-28.89813,-24.57833,-23.15096,-18.89645,-3.423715,-8.020793,-6.878478,-3.590474,2.459688,-3.776568,-1.376543,-0.2805437,-0.02463799,0.05571194,0.442964,0.836661,0.9624244,-0.6819953,-2.271151,-4.042486 
1.15967,12.94798,-4.442609,-11.85479,13.03655,11.99671,7.364043,-9.022687,-4.723749,-10.62929,-15.26222,-15.78511,-15.56857,-17.42508,-10.36195,-11.34753,-10.4129,-4.170636,-3.541172,-2.42526,-0.05285682,0.1011855,-0.1720493,-0.1877527,0.1448917,-1.064655,0.04296994,-0.5593814,0.9085196,0.09097891 
3.537277,15.3676,-6.666012,-15.14972,11.19232,4.574919,5.537502,-21.40666,-10.51624,-16.71886,-20.07489,-20.18172,-17.90161,-17.05724,-11.66363,-10.32741,-10.4129,-4.750796,-3.541172,-2.506001,-1.018045,0.3441041,-0.3544062,-0.1805204,0.442964,-0.2365296,0.6621944,-0.4612903,1.050126,-0.2671244 
5.619603,27.73696,6.97408,-8.230366,-7.430574,-15.28423,1.732209,-32.7277,-8.826385,-13.94784,-19.27278,-26.77663,-3.584885,-7.861174,-1.802747,-12.0276,-12.8598,-7.94168,-8.015784,-2.627111,-2.410909,0.5176175,-0.2812935,-0.3179342,-0.2145484,-2.571882,-1.064128,2.306039,4.545251,0.5317214 
6.687888,36.78217,8.16523,-6.655738,-46.29249,-17.86998,-0.8553897,-14.02337,-0.3807471,-31.76154,-6.298376,-24.94471,4.41822,0.9533728,-3.243608,-15.42798,-10.14102,-2.565924,-9.048387,-4.986482,-2.410909,-2.004798,0.2478497,0.2568308,1.017267,0.2855308,0.793545,-3.821708,-0.9040414,-1.286341 
7.222031,34.06861,8.16523,-8.889353,-60.51026,-18.51641,6.450773,-6.230822,-2.793525,-35.32428,4.318158,-28.60855,6.572902,-5.724314,-0.6320475,-17.80825,-4.431573,0.9891906,-5.262178,1.006194,-2.410909,-3.719268,-0.5737444,0.3367844,2.132291,0.677076,-0.03208756,-2.619693,-1.697037,-2.754354 
7.427472,29.546,8.760804,-13.17276,-62.40596,-17.86998,7.516255,-8.092065,0.9462811,-32.94912,7.026457,-32.27239,7.085922,-6.65919,-2.793338,-19.84847,-4.975329,3.10004,-5.606378,1.853964,-2.655712,-4.051101,-0.4153334,0.2568308,2.371224,0.5335094,0.7560163,-2.401145,-4.390964,-1.809723 
7.550734,28.64148,5.187356,-15.80871,-64.30167,-16.5771,7.364043,-2.508333,-6.412694,-30.57396,10.40024,-28.97494,8.535075,-5.857867,-5.806046,-23.58889,-8.237869,3.544429,-2.178772,2.338405,-1.6765,-4.548851,-0.671228,0.2088586,2.052646,-0.3931477,1.556299,0.05368811,-3.837969,-2.582603 
7.550734,30.45052,2.454967,-20.75111,-61.45811,-12.69848,3.710962,3.261522,-17.27567,-21.86504,13.09926,-16.51788,9.073695,-7.861174,-7.758574,-28.34942,-10.14102,4.252136,-0.425208,2.702022,0.5538329,-4.327629,-0.8174534,0.1155145,2.251757,-0.8630021,1.887472,2.159839,-2.271151,0.4766286 
7.63291,29.24449,6.378505,-25.03452,-58.61456,-8.463357,-5.421741,4.192144,-20.65539,-11.00665,20.52158,-7.228712,12.30541,-15.95371,-8.083997,-30.72968,-6.334721,3.433332,-0.425208,1.813594,1.215676,-1.0093,-0.7930825,0.2248493,2.689803,0.1550157,1.832276,1.721237,1.673194,5.256884 
7.46856,24.72188,9.35638,-21.4101,-52.92745,-13.99136,-16.8953,-7.161443,-15.58581,7.483689,40.08952,-9.922972,6.26509,-15.95371,-8.409417,-23.92893,-6.334721,-3.010314,-3.196971,1.248414,1.684482,0.968752,-0.1363132,0.1608864,3.048203,1.971258,0.9811887,1.721237,3.125417,6.338754 
7.057681,26.83243,0.8591586,-26.3525,-46.29249,-3.448635,-25.22176,-15.50003,-35.01917,3.14412,48.86135,3.502019,9.881625,-31.40309,0.7187594,-15.42798,3.925545,-10.84248,-4.917976,1.329154,1.905096,0.916698,-0.3544062,-0.08881084,2.411047,-0.2495811,3.156969,3.475643,-1.187254,-4.128362 
5.907218,27.43545,-6.666012,-28.65895,-32.07471,0.7637302,-25.91563,-23.37553,-42.62353,5.785597,29.96817,-13.22043,1.442707,-13.37881,8.412199,-10.32741,14.13028,-12.58297,-5.262178,0.7236032,1.188099,0.03178022,0.3542137,-0.03648363,1.654423,-3.447046,0.1180274,-1.196974,-4.206632,-1.671991 
4.624182,26.53093,-2.096043,-26.68199,-31.12686,1.164909,-30.07886,-42.57208,-61.21196,17.41214,49.5361,4.807107,2.673954,-3.186793,5.581665,-3.694078,17.78788,-9.102002,-11.11359,5.026592,1.987827,-0.6969756,0.5510085,0.2088586,1.136733,-2.085679,-0.200967,1.377918,-3.930135,0.3939894 
1.97485,15.60956,24.84132,-2.993177,-25.43976,2.167853,-14.11981,-20.42222,-7.136528,0.5026439,-6.623372,-1.718336,-13.23553,0.5527123,-2.883392,3.742464,-0.3318546,-5.621037,-0.5949079,-2.02156,1.601751,4.068596,0.1808445,0.02082714,0.2588605,0.3116338,-2.034861,-1.745501,1.531587,3.97831 
1.499329,8.592672,40.92184,15.32486,-19.75265,-0.8409804,-21.7524,-14.51559,-7.136528,3.14412,-20.07489,-9.190205,-24.60911,-8.229015,-14.59242,1.443897,-1.593306,0.2115093,1.328356,0.3199026,2.698987,3.07094,0.2969868,0.05571194,0.7783328,1.570812,-0.1822026,-0.9027004,-0.1393672,0.504175 
0.7520812,12.2221,25.4369,8.256866,4.437017,-1.843924,-4.356259,-8.836562,-18.1206,-8.176494,-32.50763,-25.67748,-22.27607,-1.584148,-2.072908,5.905822,3.215978,0.433704,0.5929905,-5.793091,-0.4665089,-0.8704889,-0.5737444,-0.2383789,0.1010575,-0.3148387,-0.1822026,-3.166063,0.5969857,0.5868142 
-1.42173,2.543632,18.88557,9.042198,3.480626,4.976096,4.47202,4.750518,-13.89596,-6.667078,-25.68968,-23.11279,-9.444337,-4.121669,5.221449,0.767847,-1.98751,5.622115,7.57014,-2.969959,-1.431697,0.2226448,-0.1631153,0.2888122,-0.1181132,-0.4845083,0.8686026,-8.411217,-2.363317,-1.589352 
-1.625524,-6.650911,8.16523,-6.770193,6.562329,12.39788,1.884421,15.14431,6.616312,4.276182,-4.023405,7.127265,3.905201,9.233706,-4.234199,4.283304,-0.4106954,8.057632,10.08913,3.914841,0.6089865,1.710499,0.3935727,0.04076131,-0.5476879,0.2855308,1.280321,0.2008248,-0.7624351,1.661124 
1.838988,-18.13499,-15.55962,-3.222087,-17.85694,17.03182,-3.899625,-5.486323,2.393948,9.747812,-0.8817772,-5.778613,6.26509,12.77026,-1.712693,6.041032,-0.09533246,-0.4550747,-1.330274,-0.9315687,1.519021,-0.2284897,-0.05144005,0.0781379,-0.8445746,-1.696718,-1.337617,4.499047,3.999161,-1.589352 
2.722098,-17.27393,-2.746187,-8.889353,-19.75265,4.173741,-3.747413,-8.464314,3.117782,-1.572802,-5.323388,-19.81534,17.96092,22.33978,7.022525,4.012884,6.237557,1.877969,-1.499973,-0.285648,1.160523,1.257019,-0.1631153,-0.2528435,-0.6263918,0.3246853,1.501103,2.232939,4.217597,-1.093517 
3.061756,-26.96091,16.50328,-16.4677,-11.22198,5.577863,-9.95658,-17.96112,0.9462811,-7.044432,-2.398425,2.48695,7.085922,18.38715,1.619297,5.635403,11.62771,-5.911118,2.007155,1.934704,2.774094,1.483759,0.3935727,-0.1386463,0.2676273,-0.3931477,1.390712,2.817741,0.738592,-6.790503 
4.284525,-11.24818,26.03247,-1.161896,-1.93892,-3.849813,-21.05853,-24.85219,-2.672887,-16.71886,-18.47067,-9.190205,-12.06901,6.696184,-23.05338,-15.08794,3.767864,-6.201198,-0.4817747,1.894334,3.75048,1.257019,-0.07824212,0.1379404,1.2562,0.903402,1.225126,1.230782,0.3987369,-2.153225 
5.249812,11.98014,11.1431,8.649532,1.780376,-15.93066,-32.85434,-36.66545,-6.533333,-4.214278,-14.86116,-6.358653,-7.694556,-5.457206,-13.94158,-21.54866,5.660041,2.044615,-8.359986,-2.14267,-1.183506,-0.2631924,-0.3909625,0.1688818,0.8977997,2.037998,-0.06961632,-1.964049,-0.4225799,-4.815366 
5.866129,22.61133,-7.221863,11.3982,-3.532903,-31.44514,-29.38499,-34.69658,-13.89596,-13.94784,-13.25694,-17.61703,-0.5067675,-19.63213,-2.883392,-19.1684,-8.237869,-1.454951,-25.22583,-7.003005,-2.043704,-2.22602,-0.1497143,0.24084,-1.739124,0.6901276,0.7184875,-4.6959,1.924018,3.093143 
6.07157,29.24449,-15.00377,12.96886,-3.532903,-24.33434,-32.85434,-39.12655,-8.826385,-17.11472,-11.65271,-17.25065,-0.6093714,-22.20703,1.43919,-15.08794,-16.12234,0.766996,-19.03022,-9.120354,-4.246931,-1.285827,-0.269108,0.304803,-1.54276,0.3246853,-1.230349,-0.9272231,0.7669133,1.38566 
5.948306,33.16409,-14.17,11.79086,-2.257717,-17.22354,-33.54822,-36.17323,-12.2061,-15.13542,-12.05377,-13.9532,-5.431756,-22.57487,8.213675,-17.12817,-18.02549,0.8225446,-15.24401,-9.120354,-5.348544,-0.9745969,-0.1720493,0.3127983,-0.8445746,0.650973,-2.4103,-0.608427,1.8148,-1.093517 
5.742867,36.17916,-11.66867,11.00553,-5.534872,-5.855701,-26.6095,-32.7277,-14.74089,-15.92714,-8.043204,-9.190205,-8.861076,-26.2533,11.98565,-16.78813,-18.29737,-1.288305,-11.802,-7.607962,-4.858938,-1.61766,-0.3544062,0.1030556,0.4955648,-1.307756,-2.4103,-2.182597,2.688545,-2.324976 
5.701779,35.87765,-8.611489,6.964412,-4.587022,-5.454524,-19.67079,-35.18879,-13.05103,-15.53128,-6.840036,-6.503663,-13.81879,-24.78193,8.015149,-13.72779,-20.20051,-0.8439154,-10.08099,-5.288961,-4.858938,-2.004798,-0.6468571,0.216854,-0.3986518,-0.9674142,-2.034861,-3.166063,1.503266,-1.616898 
5.948306,34.06861,-15.2817,11.79086,-3.532903,-8.262768,-28.69112,-38.14211,-3.637998,-18.69816,-3.048417,-9.922972,-17.31835,-20.36782,3.150212,-15.76802,-18.56924,0.433704,-10.42519,-6.196396,-4.858938,-1.949493,-0.8661953,0.2648261,-1.390032,0.1941702,-3.482984,-0.01988024,-1.810322,1.055103 
6.277009,30.14901,-20.28436,17.28819,-6.482725,-13.34492,-34.24209,-37.64989,4.082894,-24.63605,-3.698409,-11.02212,-15.8602,-17.42508,-1.802747,-17.80825,-15.57858,-1.454951,-12.1462,-6.196396,-5.83815,-1.672965,-1.036792,-0.006582359,-1.171849,-0.01465395,-3.751155,1.867438,-3.37714,1.814569 
6.482449,26.53093,-21.95191,25.92686,-12.16983,-17.86998,-38.40532,-32.23548,7.581422,-35.32428,-0.4484491,-9.190205,-15.27694,-15.95371,-7.433154,-16.44809,-13.67544,-2.343729,-14.5556,-5.087308,-6.694961,-1.949493,-0.9271225,-0.1037615,-1.390032,0.5204579,-4.609301,3.768044,-4.483129,2.40468 
6.523537,21.1038,-18.33888,30.63885,-15.96124,-20.45572,-37.71145,-24.85219,0.7050034,-34.92841,-1.640101,-2.588396,-19.06813,-12.64313,-14.59242,-13.04772,-13.13168,-4.170636,-14.8998,-4.583178,-7.306968,-2.613158,-0.4762607,-0.03648363,-1.695487,-0.119066,-4.502033,4.645247,-4.206632,2.011272 
6.523537,17.30329,-13.89207,31.81685,-18.8048,-21.74859,-33.54822,-22.3911,-4.241193,-35.72013,2.80151,-7.083702,-18.19324,-13.01097,-15.89411,-14.40787,-11.50041,-8.521841,-12.8346,-4.78483,-7.918975,-3.055602,-0.1184452,-0.05392603,-1.651851,-1.307756,-2.4103,2.963942,-2.731979,0.7245463 
6.441361,14.64171,-8.055638,30.63885,-16.90909,-24.98078,-30.77273,-23.86775,-5.930138,-36.51186,7.701213,-13.58681,-13.81879,-15.58587,-20.77543,-14.06783,-9.59726,-10.5524,-11.45779,-4.583178,-9.265391,-3.000297,-0.1273792,-0.2022173,-1.630033,-1.745338,-1.391251,2.52534,-1.130612,0.4215358 
6.112658,14.15779,-2.864395,31.03152,-15.01339,-16.5771,-30.77273,-18.45334,-12.2061,-28.59466,11.075,-13.9532,-11.48575,-13.37881,-21.75169,-13.04772,-5.247209,-10.84248,-8.359986,-3.776568,-9.020589,-2.502548,-0.1586483,-0.2528435,-1.695487,-1.793958,-1.605788,2.159839,1.220054,-0.01920672 
5.578515,16.57741,7.569655,24.74885,-2.151451,-7.661001,-29.38499,-6.230822,-9.671313,-13.55198,15.12353,-5.633603,-12.9439,-8.229015,-24.35506,-9.307301,0.8507563,-7.94168,-4.917976,-1.456379,-7.062165,-2.281326,-0.1765163,0.01086005,-1.084576,0.1550157,-1.659422,-0.1915397,1.673194,-3.183731 
4.692114,35.87765,32.58379,11.3982,-7.430574,-9.466301,-3.442989,15.14431,-0.139469,-8.742524,-6.623372,-17.25065,-21.40118,-3.721008,-22.07712,-7.479954,-7.694113,-10.84248,-0.1423751,-0.08379778,-1.293813,-1.949493,0.04236717,0.3127983,0.0396897,1.43733,-1.713056,-6.116462,0.4553794,-3.870735 
3.809004,31.35504,38.53954,14.14686,-3.639169,-7.259824,-2.681931,7.542383,8.832332,-2.89354,-22.48123,-9.190205,-8.861076,-13.01097,-16.21953,-9.647339,-7.965991,-3.590474,-5.606378,-0.4471281,1.188099,-0.8878403,-0.2569225,0.08312144,0.09229068,-0.3148387,-1.981227,1.721237,0.9651622,-2.06735 
1.838988,13.91583,30.79707,18.07353,17.33977,11.79612,-1.159814,-0.647089,1.187559,-15.53128,-21.27806,-13.9532,-17.60998,-13.74665,-5.155203,-1.2603,-11.77229,-7.36152,2.063722,-2.768307,-2.288508,-1.562354,-0.3665916,0.1379404,0.4955648,-1.161895,-0.9890708,-7.318477,-1.668716,-0.2946708 
2.518303,-10.28034,0.1499101,-9.548338,-0.451201,13.40083,8.733949,0.8419056,-23.19017,20.75888,-2.290093,-4.328515,3.597389,1.621142,-0.2718321,4.283304,-7.694113,-1.843791,5.806847,4.824456,-2.043704,0.1011855,-0.2390545,-0.2094496,-0.3109835,0.6118185,1.093775,-0.04440302,0.8801984,3.97831 
2.79003,-9.554451,8.16523,-20.75111,-3.639169,-4.652168,6.450773,1.02803,-18.96553,21.87446,-6.081712,-10.65574,-3.584885,-17.05724,-4.054092,8.743997,-9.053504,-8.231761,6.814443,4.218046,-2.166106,-0.2284897,0.6166068,-0.2383789,-0.1707142,1.837776,0.7184875,0.519621,0.3420943,1.661124 
3.129687,-17.05867,13.5254,-11.1958,8.68764,-5.454524,-7.181094,6.425636,-15.58581,-8.931201,-13.25694,1.906911,-3.482281,-7.72762,0.4485983,7.122711,3.137138,-5.621037,0.4798576,0.562123,-0.7698537,1.090211,0.4985299,-0.04395894,-0.2233152,-0.680281,0.4370219,-0.7800865,0.8801984,-2.754354 
5.578515,-0.1179467,18.29,2.271755,3.799423,-23.6879,-34.93596,-6.789194,-22.34524,-18.3023,-25.28862,-22.01364,-20.81791,-17.05724,-11.66363,-5.857435,7.200084,-0.2328801,5.680897,3.813773,0.8020242,0.06648288,-0.1765163,-0.03648363,0.1010575,-0.04075697,1.225126,-0.8781776,2.470109,0.00833969 
6.687888,17.30329,-8.889415,9.042198,-10.27413,-35.9702,-41.87468,-11.56227,-24.88003,-25.03192,-6.840036,-26.77663,0.00625204,-16.32155,-25.33133,-9.647339,-2.933599,-10.5524,-2.405039,4.319114,-0.8801609,1.194319,0.8265212,0.1928679,0.127358,1.971258,-1.101657,3.183242,1.106768,-1.981474 
7.222031,18.69174,-15.00377,9.434866,-13.11769,-39.20238,-50.89501,-19.93,-23.19017,-21.07332,3.126506,-22.74641,-0.5067675,-22.20703,-20.77543,-16.78813,-9.053504,-21.57546,-7.327383,4.218046,-1.266236,-0.9225428,0.5247692,0.06567904,-0.3898849,0.6379215,-1.927593,2.086739,-0.7624351,2.306328 
7.345295,21.4053,-12.22452,7.078867,-15.96124,-34.03089,-46.03791,-16.48447,-15.58581,-15.92714,8.37597,-17.61703,5.239051,-21.1035,-16.54495,-16.44809,-3.800847,-13.16313,-2.518172,2.904158,0.9950618,1.393063,0.6166068,-0.006582359,-0.1181132,-0.2626326,0.9061311,0.9119855,-2.731979,-0.5701348 
7.46856,22.61133,-13.89207,8.649532,-19.75265,-35.9702,-49.50726,-14.02337,-14.74089,-13.55198,8.37597,-15.05235,10.95886,-20.73566,-16.87037,-14.40787,-0.2530139,-15.19369,-2.574739,2.499885,-1.40412,2.073283,0.7346837,0.03079422,-0.6700283,-0.5236629,0.9061311,-0.7310409,-2.916311,-1.341434 
7.673998,22.30982,-14.72585,7.471533,-22.5962,-34.67732,-47.42565,-13.03893,-9.671313,-15.13542,6.918126,-13.22043,12.84403,-22.57487,-17.52122,-15.76802,-1.356784,-11.71273,-4.573776,2.015445,-1.045622,2.209327,0.3148548,-0.1805204,-0.3022166,-1.404996,2.384232,-1.854775,-0.9890052,-1.895599 
7.715086,24.42038,-15.2817,6.849957,-15.01339,-44.37387,-39.79306,-15.99225,-6.774611,-9.874586,7.701213,-8.82382,6.572902,-15.58587,-18.8229,-8.967262,-5.519086,-13.45321,-3.885374,4.420183,2.924307,1.710499,0.4329317,-0.1386463,-0.7573014,1.036884,-0.6888407,-0.4858131,-1.357182,-4.214237 
7.756175,25.92791,-16.67133,8.256866,-16.90909,-42.43456,-37.71145,-13.03893,-5.930138,-8.742524,14.44878,-7.373722,7.188526,-15.21802,-20.12459,-8.832052,0.6930749,-8.811922,-0.5949079,1.531004,1.022639,1.710499,0.9577178,-0.08631907,-0.9100294,-0.7194355,1.335517,-0.265108,-0.5641862,-3.269607 
7.756175,23.21435,-13.89207,8.256866,-15.96124,-44.37387,-41.18081,-9.767184,-11.36117,-7.233109,10.40024,-6.503663,7.727146,-13.01097,-18.8229,-12.70768,0.6142341,-12.29289,-4.229574,0.9658234,-1.6765,0.9861033,0.4329317,-0.2528435,-0.6045735,-2.1343,1.280321,-1.270542,0.4270581,-3.78486 
7.591822,17.78722,-10.00112,8.256866,-19.75265,-49.54536,-40.48693,-18.94556,-15.58581,-15.92714,-0.9901089,-9.922972,2.879162,-13.37881,-20.77543,-16.10806,-8.237869,-17.51433,-10.08099,-3.877394,-4.002128,-1.396438,-0.07377511,-0.2022173,-1.259122,-2.717742,-0.2572601,1.181736,1.021805,1.275474 
7.263119,14.88368,-10.00112,12.18353,-16.90909,-48.25249,-32.16047,-17.4689,-17.27567,-22.65676,-5.106724,-7.953762,3.084369,-11.90744,-15.89411,-16.10806,-10.4129,-16.93417,-13.1788,-7.204658,-8.898187,-1.949493,0.4329317,-0.3974896,-1.41185,-2.037059,-2.249398,0.05368811,3.016199,2.306328 
6.934416,14.88368,-6.943938,16.1102,-15.01339,-50.1918,-27.99724,-10.69781,-7.981456,-21.86504,-1.748433,-13.58681,-3.687489,-7.594067,-12.96532,-11.34753,-7.694113,-14.32345,-12.8346,-3.373264,-8.28618,-2.557853,0.1451084,-0.05143426,-1.193667,-1.550857,-1.76669,0.5931893,-1.640394,-1.121063 
6.605713,18.08872,-4.99846,19.25153,-13.11769,-48.89893,-29.38499,-10.69781,-2.552248,-23.44848,0.2015429,-14.68596,-10.31923,-11.17176,-9.385682,-6.533485,0.7719156,-10.5524,-8.704186,-3.070785,-6.450157,-0.506111,-0.5981153,0.4647102,0.2062595,0.2072217,-0.4261395,0.07821088,-3.930135,-1.895599 
6.523537,18.39023,-4.442609,24.74885,-5.534872,-48.89893,-27.99724,-8.650438,3.600338,-26.61536,2.584846,-17.98342,-4.200509,-17.05724,-9.06026,-2.747609,5.660041,-1.954889,-10.42519,-0.204908,-6.694961,-0.8010836,-0.2033184,0.5526592,1.574779,2.438444,-3.804789,-0.3141536,-3.284974,-5.674121 
6.482449,19.89777,-6.388087,25.14152,-1.620123,-44.37387,-27.30337,-11.56227,1.308199,-30.57396,7.026457,-11.02212,-4.405716,-12.27528,-9.06026,-4.910967,6.430062,-1.010561,-6.29478,2.80309,-6.450157,-1.672965,-0.5250025,0.2888122,2.132291,4.307191,-2.4103,-1.854775,-3.008477,-5.072992 
6.441361,19.29475,-2.568875,24.74885,-1.513857,-38.55594,-27.99724,-15.00781,-5.568222,-23.84434,5.293146,-2.878415,-9.152707,-7.460512,-7.107731,-7.615164,3.846704,-0.3995261,-4.573776,4.521251,-5.960551,-1.230521,-0.8783807,0.5846407,-0.004144444,4.90786,1.018718,-1.417679,-6.049947,-2.496727 
6.400273,19.89777,-0.3820261,26.71219,2.630501,-43.72743,-23.14014,-16.48447,-9.671313,-18.69816,3.993162,0.4568116,-11.19412,-4.388776,-7.758574,-1.66593,-2.224032,1.766872,-3.541172,6.037275,-6.327756,-1.451743,-0.671228,0.6326128,0.4517307,3.840005,0.02420557,3.183242,-7.708931,-3.870735 
6.153746,20.50078,1.272887,29.06819,5.180876,-46.95961,-22.44627,-19.43778,-5.206305,-16.71886,-1.206773,1.326871,-15.56857,-5.190099,-1.622639,-3.153238,-1.041421,2.044615,-4.229574,5.329797,-6.327756,-1.396438,-0.3787771,0.6565989,1.057089,3.773264,0.64343,0.3724843,-6.510776,-3.78486 
5.866129,21.1038,3.996206,28.28285,8.900171,-50.83823,-20.36466,-22.88331,-0.6220248,-12.3644,-5.865048,0.6018216,-18.7765,-1.851256,-2.072908,-2.341979,0.2988712,1.877969,-5.95058,2.904158,-5.226143,-0.8704889,-0.3178498,0.6326128,1.813712,4.106969,-0.8201914,-0.6819953,-4.0223,-3.183731 
5.578515,21.1038,8.760804,31.42418,9.962828,-46.95961,-22.44627,-19.43778,-1.707775,-17.11472,-1.206773,-2.153366,-18.7765,-1.584148,-2.072908,-1.66593,-0.2530139,1.211385,-6.29478,1.531004,-4.002128,-1.396438,-0.2435215,0.5526592,1.933179,3.306077,-0.4073751,-2.073323,-3.561471,-2.496727 
5.167635,21.4053,6.97408,29.85352,10.78249,-33.38445,-23.83401,-12.54671,4.565449,-29.78224,0.5265384,-3.168435,-23.73422,5.227093,2.789997,-5.181386,-5.247209,-0.06623407,-7.671585,3.207363,-2.900515,-2.613158,-0.1497143,0.5126824,2.052646,1.237107,-0.7451339,-2.838241,-2.639814,-2.324976 
4.624182,21.4053,6.378505,26.71219,6.456063,-26.92009,1.275574,-11.56227,4.082894,-36.90771,-4.565064,-2.588396,-20.52629,2.956679,6.392148,-14.74791,-9.869139,0.3781553,-4.229574,3.4095,-1.921303,-2.613158,-0.805268,0.4727056,1.296023,0.5465609,-1.659422,-3.166063,-1.272218,1.578485 
4.148661,23.81736,10.54753,23.57086,0.6114549,-29.50583,8.733949,-18.94556,6.133755,-27.01122,-20.07489,16.05696,2.879162,-5.190099,-11.66363,-14.40787,-7.150356,-3.590474,-2.291906,3.914841,-1.798902,-2.668464,0.2031796,0.216854,0.5792213,3.639782,-1.444885,-4.149529,0.002239134,4.371717 
3.809004,25.02339,8.16523,22.78552,8.68764,-34.03089,6.755197,-6.230822,1.911393,-21.07332,-10.44954,2.48695,9.343005,-14.85018,-13.61616,-12.70768,-13.13168,2.655651,0.08389127,-4.079047,-0.6871233,-1.838882,0.4722906,0.005876502,1.096911,2.83889,-1.120421,-2.838241,-2.731979,7.912384 
3.401413,22.91284,1.804823,22.39286,22.66756,-34.67732,5.841927,-3.066707,2.635227,-11.57268,-16.06433,0.8918416,-4.200509,-5.724314,-4.144145,-25.96915,-16.12234,3.655527,-1.160574,-4.280699,1.325983,-1.728271,-0.2033184,0.1688818,0.5792213,1.170366,2.108254,-4.914448,-5.220455,2.40468 
2.654166,21.1038,-2.627979,12.5762,22.05281,-21.74859,12.99588,-1.94996,16.47491,-4.591632,-23.6844,7.997325,-5.636963,-22.20703,-8.083997,-29.70957,-21.83178,4.099916,-5.95058,-9.019527,6.304107,-0.05497643,-0.1631153,0.005876502,0.539399,-0.8107961,0.6059012,0.3479615,-3.469306,-0.4048564 
1.635191,18.39023,-4.164684,3.75967,17.95451,-8.463357,4.47202,-11.07006,15.6843,10.31384,-14.05905,0.02178162,-5.944775,-8.229015,-9.06026,-25.96915,-13.40356,-1.343853,-3.541172,-5.389787,1.381137,-1.341132,-0.3422207,-0.2673081,-1.106394,-0.8107961,-1.176715,0.2498704,-0.1110459,-0.1844852 
-0.1310288,9.802481,-9.723191,-9.548338,12.42181,-1.643335,7.97289,-9.953309,1.670115,20.38702,1.718191,-7.663742,-10.90249,0.9533728,-4.234199,-16.44809,-9.869139,5.774334,1.27179,-3.675742,1.077792,0.1358882,-0.2301205,-0.06389312,-0.4161854,-0.8238476,-1.283983,-0.8046092,3.234635,2.109624 
-2.236909,0.1240157,-11.66867,-16.79719,4.437017,-5.053347,10.10385,-1.94996,-12.2061,-0.4407403,-3.156749,4.082058,-6.819666,10.68994,9.801872,0.6326379,6.237557,6.535434,0.4798576,-3.070785,2.098134,0.2920501,-0.5981153,0.1105309,0.3815961,0.2724793,1.187597,0.740326,3.125417,2.994791 
-2.576566,-0.6018697,-2.805291,-17.12668,1.780376,1.967263,15.27001,-1.577711,-8.826385,-2.704863,-4.240068,-5.778613,-3.277073,5.227093,8.809249,2.660786,8.162611,13.68977,4.295452,-0.6893485,0.9399081,-0.8704889,-0.2812935,0.4487195,0.7385105,-1.113275,0.8686026,-1.417679,-7.248102,-2.239101 
-2.508634,-0.6018697,-4.720535,-20.09212,4.649548,0.3625528,13.32075,7.728508,-19.81046,5.219567,16.47304,-4.473525,-7.111296,12.77026,15.16204,8.3396,3.531341,6.992094,5.806847,-0.5278683,-1.431697,-1.783576,-0.3909625,-0.07136843,0.8181551,1.170366,1.131304,-2.073323,1.758158,-1.038424 
-2.916224,-3.263447,-5.832237,-17.45618,-8.378428,-8.262768,-6.487224,-6.230822,-9.671313,-6.101047,1.393195,10.7907,-12.65227,1.086927,2.15962,7.393131,8.355116,-1.177207,-1.499973,-2.768307,0.9399081,0.3267529,0.5247692,-0.1660558,-0.3109835,0.3377368,1.556299,1.525055,-0.8757201,-2.410852 
-3.527609,-1.085793,4.591781,-11.5253,-1.301326,-0.6403912,0.2100925,1.400279,-1.949053,-6.855755,8.37597,5.387147,-4.200509,4.425771,1.349136,0.2270078,3.058297,6.078774,1.554623,-3.171612,1.408714,0.708482,0.6428461,-0.2673081,-0.2233152,-2.426021,2.549818,4.279746,-2.086819,3.093143 
-1.625524,-3.263447,-0.44113,-6.312373,3.374361,7.383163,11.16934,0.2835321,-5.930138,5.59692,11.075,10.08853,7.188526,15.47469,15.16204,11.77697,11.62771,6.383214,3.817286,-2.546371,1.491444,1.393063,0.07363624,-0.5638328,0.2062595,0.3899429,1.225126,-3.384611,-1.697037,1.303021 
-1.01414,-3.989334,2.809591,-1.505261,9.962828,10.39199,-0.8553897,-9.767184,-8.826385,20.01516,4.859818,1.616891,19.03816,17.97109,19.52959,18.04512,3.215978,0.5448013,3.025354,0.481383,0.0574504,-1.451743,-0.4397044,-0.3034696,0.4341971,0.5465609,0.5120794,2.67154,-2.731979,-0.1293923 
-2.71243,-5.199142,7.569655,-1.848626,0.9302515,2.970208,-7.181094,-2.322209,12.25832,10.87987,-10.44954,23.42974,24.15505,17.34699,6.66231,-1.125091,4.398589,11.40647,-3.885374,-3.272437,0.1401808,-1.11991,0.07810325,0.2488354,0.6190436,0.4421489,0.5683725,-1.526953,0.2288093,5.355236 
-2.101045,-5.199142,3.996206,-7.900871,0.823986,6.380219,8.277314,-0.2748404,-1.587136,4.653536,5.293146,13.95046,9.073695,10.27387,7.419575,8.3396,8.355116,7.296533,3.025354,-2.546371,2.323454,1.846543,0.5378889,0.2008632,-0.4424859,1.036884,0.5120794,-0.3631992,0.738592,-0.2671244 
-3.120019,-6.892872,4.591781,-0.2462556,10.37266,9.79023,8.277314,0.2835321,-6.774611,1.823382,-1.531769,10.7907,9.343005,12.14617,4.951288,7.798759,3.531341,-1.954889,3.986986,1.894334,0.4159488,1.982587,0.1585094,-0.004090587,-0.004144444,-0.9282597,-0.9703064,0.5441437,0.8801984,-2.410852 
-4.086133,-11.00622,-3.81006,-3.908817,7.943781,22.24255,2.036633,-4.183453,18.58321,36.00514,-5.756716,14.30154,17.69161,-0.3821642,2.699943,3.877674,-0.5683768,0.7114473,4.673301,2.702022,2.04298,0.6564281,-0.01570397,-0.2673081,0.03092288,-0.9282597,-0.7076051,3.768044,-2.916311,-1.671991
